Wall time,Step,Value
1544312086.5682225,625.0,49.92499923706055
