Wall time,Step,Value
1544314164.2831435,625.0,50.36000061035156
1544314168.4196808,1250.0,49.79999923706055
1544314172.1955147,1875.0,50.220001220703125
