Wall time,Step,Value
1544314307.002648,625.0,49.689998626708984
1544314311.1219244,1250.0,62.65999984741211
1544314315.4104853,1875.0,57.90999984741211
1544314319.2055678,2500.0,60.20500183105469
1544314322.9443328,3125.0,61.4900016784668
1544314326.8284628,3750.0,61.83000183105469
1544314330.787099,4375.0,62.150001525878906
1544314334.6227262,5000.0,62.5
1544314338.4836605,5625.0,62.8650016784668
1544314342.5654743,6250.0,63.19499969482422
1544314346.264259,6875.0,62.72999954223633
1544314350.0737817,7500.0,62.94499969482422
1544314354.1881418,8125.0,63.540000915527344
1544314357.944156,8750.0,63.2400016784668
1544314361.9790077,9375.0,63.65999984741211
1544314366.279718,10000.0,63.6150016784668
1544314370.3951626,10625.0,63.45500183105469
1544314374.3858197,11250.0,63.584999084472656
1544314378.251823,11875.0,63.244998931884766
1544314382.3957062,12500.0,63.6150016784668
1544314386.357872,13125.0,63.244998931884766
1544314390.071216,13750.0,63.244998931884766
1544314393.8564672,14375.0,63.54999923706055
1544314397.5957646,15000.0,63.349998474121094
1544314401.3037426,15625.0,63.20000076293945
1544314405.1827037,16250.0,63.209999084472656
1544314409.2412791,16875.0,62.88999938964844
1544314413.2775106,17500.0,63.33000183105469
1544314417.3103645,18125.0,63.68000030517578
1544314421.4000812,18750.0,63.20500183105469
1544314425.288192,19375.0,63.35499954223633
1544314429.111849,20000.0,63.14500045776367
1544314432.9898539,20625.0,63.505001068115234
1544314437.0740097,21250.0,63.15999984741211
1544314440.9670722,21875.0,63.3849983215332
1544314444.8023295,22500.0,63.209999084472656
1544314448.6554494,23125.0,63.26499938964844
1544314452.5237362,23750.0,63.34000015258789
1544314456.468877,24375.0,63.31999969482422
1544314460.369295,25000.0,63.439998626708984
1544314464.1891212,25625.0,63.220001220703125
1544314467.9565861,26250.0,63.35499954223633
1544314471.8095887,26875.0,63.3650016784668
1544314475.6361396,27500.0,63.43000030517578
1544314479.5132542,28125.0,63.45000076293945
1544314483.3756142,28750.0,63.27000045776367
1544314487.1162388,29375.0,63.68000030517578
1544314490.7831192,30000.0,63.67499923706055
1544314494.561596,30625.0,63.45000076293945
1544314498.6337116,31250.0,63.415000915527344
