Wall time,Step,Value
1544285143.4159305,32.0,6.900000095367432
1544285143.6691618,64.0,10.0
