Wall time,Step,Value
1544284860.0641515,32.0,45.79999923706055
1544284860.3228483,64.0,48.20000076293945
