Wall time,Step,Value
1544329667.8895986,313.0,10.100000381469727
1544329672.534326,626.0,23.860000610351562
