Wall time,Step,Value
1543682616.2867408,313.0,14.600000381469727
1543682620.7126,626.0,15.010000228881836
1543682625.1608403,939.0,14.6899995803833
1543682629.6015148,1252.0,19.729999542236328
