Wall time,Step,Value
1544330631.9341042,313.0,9.579999923706055
1544330636.5661361,626.0,9.930000305175781
