Wall time,Step,Value
1544330709.1706657,313.0,21.3700008392334
