Wall time,Step,Value
1545023882.7953637,625.0,97.7750015258789
1545023893.120035,1250.0,99.8499984741211
