Wall time,Step,Value
1545023930.657984,625.0,55.07500076293945
1545023940.7942307,1250.0,51.025001525878906
1545023951.1310127,1875.0,50.6150016784668
1545023961.2998226,2500.0,51.375
1545023971.5265672,3125.0,51.07500076293945
1545023982.5609221,3750.0,50.8650016784668
1545023992.711949,4375.0,50.54499816894531
1545024003.0029774,5000.0,50.57500076293945
1545024013.3096192,5625.0,50.90999984741211
1545024023.9526722,6250.0,52.5099983215332
1545024035.3347113,6875.0,50.224998474121094
1545024045.8272038,7500.0,50.685001373291016
1545024056.5638947,8125.0,54.83000183105469
