Wall time,Step,Value
1544379446.8344288,313.0,69.80999755859375
